,fullname,id,likes,replies,retweets,text,timestamp,url,user,Compound,date
0,Jim Cramer,9.36426E+17,13,3,3,Because the companies that  produce nickel are not pure plays. They produce other minerals that aren't doing that well...https://twitter.com/thomascrowno69/status/936415568101552128 …,12/1/17 2:47,/jimcramer/status/936426401837780993,jimcramer,-0.1877,12/1/17
1,Jim Cramer,9.36428E+17,17,8,0,Depends on the fine details but i think it will spur some investment but some stock are ahead of themselves.https://twitter.com/JeffreyBell16/status/936365548996308992 …,12/1/17 2:51,/jimcramer/status/936427631255457792,jimcramer,0.1027,12/1/17
2,Jim Cramer,9.36519E+17,41,10,3,you have done well but remember day trading is a very hard business.. All i ask is that you keep your options open.https://twitter.com/MaverickCindy/status/936448330787258374 …,12/1/17 8:55,/jimcramer/status/936519024053248000,jimcramer,-0.1254,12/1/17
3,Jim Cramer,9.36519E+17,163,44,27,"Remember, as i said on @MadMoneyOnCNBC if this bill fails you will see 500 Dow points come off so we have to stay close to this...",12/1/17 8:56,/jimcramer/status/936519395270111232,jimcramer,-0.4215,12/1/17
4,Jim Cramer,9.3652E+17,11,3,0,Thanks much! I will tell the team...https://twitter.com/larryw1000/status/936509878230589440 …,12/1/17 8:57,/jimcramer/status/936519511821430784,jimcramer,0.4926,12/1/17
5,Jim Cramer,9.36561E+17,39,7,2,No and Nohttps://twitter.com/divtel/status/936549883963731968 …,12/1/17 11:41,/jimcramer/status/936560820254887936,jimcramer,-0.296,12/1/17
6,Jim Cramer,9.36593E+17,32,2,7,"Buy them if they come down, Number one is $LMT, 2 is $RTNhttps://twitter.com/LocalPro/status/936587564080709632 …",12/1/17 13:48,/jimcramer/status/936592732499464193,jimcramer,0.0772,12/1/17
7,Jim Cramer,9.36596E+17,41,10,6,totallyhttps://twitter.com/Tsutaemon/status/936595941183725568 …,12/1/17 14:01,/jimcramer/status/936596033617920001,jimcramer,0,12/1/17
8,Jim Cramer,9.366E+17,20,5,3,$USB is a great bank...how's that?https://twitter.com/MattBell2796/status/936598171907698688 …,12/1/17 14:17,/jimcramer/status/936600104462635009,jimcramer,0.6249,12/1/17
9,Jim Cramer,9.36601E+17,9,0,2,Market Recon from Sargehttps://twitter.com/TSTRealMoney/status/936578149256536064 …,12/1/17 14:19,/jimcramer/status/936600646723293188,jimcramer,0,12/1/17
10,Jim Cramer,9.36602E+17,10,1,1,Advanced Micro Devices doesn't appear too chipper right now -Kamichhttps://twitter.com/TSTRealMoney/status/936590366970560512 …,12/1/17 14:24,/jimcramer/status/936601935418978304,jimcramer,0.25,12/1/17
11,Jim Cramer,9.36602E+17,7,0,4,Read my #DealEconomy speech for answershttps://twitter.com/ctvader/status/936602307596378114 …,12/1/17 14:26,/jimcramer/status/936602496117694464,jimcramer,0,12/1/17
12,Jim Cramer,9.36618E+17,9,3,4,"Kamich: Micron Technology sells off quickly, and that's a concern.http://bit.ly/2ixaDOh ",12/1/17 15:27,/jimcramer/status/936617849635983360,jimcramer,0,12/1/17
13,Jim Cramer,9.36624E+17,8,0,1,"Thank you, Joe!https://twitter.com/JoeLoBello/status/936608687313031168 …",12/1/17 15:53,/jimcramer/status/936624357593571329,jimcramer,0.4199,12/1/17
14,Jim Cramer,9.36625E+17,19,1,2,"No woulda, shoulda, coulda, let's fine the next one! https://twitter.com/DSmith39/status/936605154379485184 …",12/1/17 15:54,/jimcramer/status/936624661139480576,jimcramer,-0.1759,12/1/17
15,Jim Cramer,9.36625E+17,17,3,1,F-150 has great marginshttps://twitter.com/bgtennisnation/status/936602963304505344 …,12/1/17 15:55,/jimcramer/status/936624836650127361,jimcramer,0.6249,12/1/17
16,Jim Cramer,9.36625E+17,28,8,12,we need to know thishttps://twitter.com/ScottWapnerCNBC/status/936624821919797251 …,12/1/17 15:55,/jimcramer/status/936624920875937795,jimcramer,0,12/1/17
17,Jim Cramer,9.36654E+17,16,5,0,Applied Materials stock is diving: Kamichhttp://bit.ly/2AzX87c ,12/1/17 17:50,/jimcramer/status/936653842158145537,jimcramer,0.0772,12/1/17
18,Jim Cramer,9.36699E+17,16,2,2,Magellan Midstream Partners support has held but resistance needs to be broken: Kamichhttps://realmoney.thestreet.com/articles/12/01/2017/magellan-midstream-partners-support-has-held-resistance-needs-be-broken …,12/1/17 20:50,/jimcramer/status/936699084521508865,jimcramer,-0.5106,12/1/17
19,Jim Cramer,9.36715E+17,26,9,0,"i know,  i was working on a piece outside -there's a picnic table in the back of CNBC i like to write on, and when i came in the darned thing had plummeted and recovered!https://twitter.com/KboltonPorter/status/936702692411416576 …",12/1/17 21:51,/jimcramer/status/936714500606226432,jimcramer,0.4199,12/1/17
20,Jim Cramer,9.36717E+17,10,4,0,check the club!https://twitter.com/sffdny343/status/936663199771848705 …,12/1/17 22:00,/jimcramer/status/936716537699893248,jimcramer,0,12/1/17
21,Jim Cramer,9.36746E+17,22,8,2,wasn't it funny?https://twitter.com/TonySetlak/status/936745954363035649 …,12/1/17 23:57,/jimcramer/status/936746197146062850,jimcramer,0,12/1/17
22,Jim Cramer,9.36747E+17,13,0,0,thank you so much!https://twitter.com/chrtsn123/status/936679828547235840 …,12/2/17 0:00,/jimcramer/status/936746938254483457,jimcramer,0.4199,12/2/17
23,Jim Cramer,9.36747E+17,36,5,0,agreed!  We will!https://twitter.com/redarizona13/status/936746617797038080 …,12/2/17 0:01,/jimcramer/status/936747206052339712,jimcramer,0.3987,12/2/17
24,Jim Cramer,9.37457E+17,89,4,24,"This is a great read, thank you !!https://twitter.com/ElizabethOpondo/status/937178876500996096 …",12/3/17 23:02,/jimcramer/status/937456973934682113,jimcramer,0.8011,12/3/17
25,Jim Cramer,9.37457E+17,38,8,12,"We nailed this one at the #DealEconomy conference where i said they had to come back and do this acquisition... $FOXA, $DIShttps://twitter.com/nytimesbusiness/status/937456689581785089 …",12/3/17 23:03,/jimcramer/status/937457231058137088,jimcramer,0,12/3/17
26,Jim Cramer,9.375E+17,21,16,0,earlyhttps://twitter.com/illini__jeff/status/937498998008455168 …,12/4/17 1:53,/jimcramer/status/937500182576599040,jimcramer,0,12/4/17
27,Jim Cramer,9.375E+17,36,29,3,Go Birds! https://twitter.com/eatspiroshiki/status/937500279779442688 …,12/4/17 1:54,/jimcramer/status/937500378748407808,jimcramer,0,12/4/17
28,Jim Cramer,9.37619E+17,86,39,5,Brutal night; on to the next,12/4/17 9:44,/jimcramer/status/937618685048614912,jimcramer,-0.6249,12/4/17
29,Jim Cramer,9.37621E+17,35,10,6,Barclays takes Blue Apron from a sell to a hold.. Good work not biting on this one all the way down...,12/4/17 9:54,/jimcramer/status/937621220425633794,jimcramer,0.4404,12/4/17
30,Jim Cramer,9.37662E+17,7,1,0,Suboptimalhttps://twitter.com/runyanmichael1/status/937659607098580992 …,12/4/17 12:36,/jimcramer/status/937661844776419328,jimcramer,0,12/4/17
31,Jim Cramer,9.37678E+17,37,12,4,Ken Langone--sad what happened to $GE--ouch!!,12/4/17 13:41,/jimcramer/status/937678299618213889,jimcramer,0,12/4/17
32,Jim Cramer,9.3768E+17,30,3,1,well-played!https://twitter.com/AustinHorton6/status/937679029905362944 …,12/4/17 13:50,/jimcramer/status/937680458611089408,jimcramer,0,12/4/17
33,Jim Cramer,9.37682E+17,18,9,1,We have to stay focused together....https://twitter.com/jfahmy/status/937681078172770305 …,12/4/17 13:54,/jimcramer/status/937681506335711232,jimcramer,0.3818,12/4/17
34,Jim Cramer,9.3769E+17,70,5,4,Ken Langone was congratulating my wife for joining the Bucknell board!!! Very proud!!,12/4/17 14:26,/jimcramer/status/937689546883465217,jimcramer,0.6768,12/4/17
35,Jim Cramer,9.37704E+17,98,8,7,One of my heroes!https://twitter.com/JayWoods3/status/937700019796398080 …,12/4/17 15:22,/jimcramer/status/937703722649563136,jimcramer,0,12/4/17
36,Jim Cramer,9.37738E+17,7,4,2,Kamich -- Macy's stock: Is it finally safe to come out of the dressing room?http://bit.ly/2iOhkf5 ,12/4/17 17:39,/jimcramer/status/937738110162685952,jimcramer,0.4404,12/4/17
37,Jim Cramer,9.37744E+17,9,2,1,XPO Logistics stockholders should consider booking some profits: Kamichhttp://bit.ly/2iO78mD ,12/4/17 18:01,/jimcramer/status/937743803473186816,jimcramer,0.4404,12/4/17
38,Jim Cramer,9.37776E+17,14,0,1,Kamich - Union Pacific is still steaming ahead:http://bit.ly/2iPgcYj ,12/4/17 20:08,/jimcramer/status/937775544376201216,jimcramer,0,12/4/17
39,Jim Cramer,9.37785E+17,102,35,17,watch tonight's show about the rise and temporary fall of tech...,12/4/17 20:46,/jimcramer/status/937785122014756864,jimcramer,0,12/4/17
40,Jim Cramer,9.37789E+17,53,13,7,Can you believe all the second guessers today on @Eagles play? Go have a Tostito! @PEP!pic.twitter.com/te3NY13Mrj,12/4/17 21:01,/jimcramer/status/937788955323400193,jimcramer,0.4559,12/4/17
41,Jim Cramer,9.37792E+17,69,18,20,Not a fan of these kinds of reversals..https://twitter.com/carlquintanilla/status/937792086266351616 …,12/4/17 21:15,/jimcramer/status/937792409420910597,jimcramer,0.3182,12/4/17
42,Jim Cramer,9.37793E+17,6,1,1,"Remember, stocks like this all trade together.. don't try to single out any one in particular...https://twitter.com/khostile/status/937757811014021120 …",12/4/17 21:18,/jimcramer/status/937793152060190720,jimcramer,0.3612,12/4/17
43,Jim Cramer,9.37796E+17,8,4,0,Kamich: Buy your Kansas City Southern ticket before it leaves the station.http://bit.ly/2iQXX4O ,12/4/17 21:28,/jimcramer/status/937795682450190336,jimcramer,0,12/4/17
44,Jim Cramer,9.37809E+17,12,3,2,watch tonight @MadMoneyOnCNBC for answershttps://twitter.com/kennybates/status/937805003917529088 …,12/4/17 22:21,/jimcramer/status/937809047289438208,jimcramer,0,12/4/17
45,Jim Cramer,9.37812E+17,13,3,1,"we have a call for club members, http://www.actionalertsplus.com  that can really help you, but i can't give it away.. sorry...https://twitter.com/delonixltd/status/937808572498321408 …",12/4/17 22:32,/jimcramer/status/937811893657448453,jimcramer,0.2492,12/4/17
46,Jim Cramer,9.37822E+17,16,2,3,5 reasons behind the stunning growth of Facebook's Instagram: Jhonsahttp://bit.ly/2iQkNK3 ,12/4/17 23:11,/jimcramer/status/937821721519943680,jimcramer,0.6369,12/4/17
47,Jim Cramer,9.37824E+17,10,0,1,Walgreens Boots Alliance's stock has significant issue ahead: Kamichhttp://bit.ly/2ALQnPP ,12/4/17 23:21,/jimcramer/status/937824325742354433,jimcramer,0.2023,12/4/17
48,Jim Cramer,9.37838E+17,10,3,0,"Kamich: Norfolk Southern remains on the right track, but for how long?http://bit.ly/2ALZHDx ",12/5/17 0:15,/jimcramer/status/937837846278361088,jimcramer,0,12/5/17
49,Jim Cramer,9.37868E+17,9,4,6,truehttps://twitter.com/JBuongermino/status/937858359012855808 …,12/5/17 2:16,/jimcramer/status/937868141228589056,jimcramer,0,12/5/17
50,Jim Cramer,9.37868E+17,18,4,1,"thank you, i  wasn't sure i nailed ithttps://twitter.com/RuthySings/status/937851550940258305 …",12/5/17 2:16,/jimcramer/status/937868327661293568,jimcramer,0.1376,12/5/17
51,Jim Cramer,9.37869E+17,71,26,10,As i will tell club members on our call Wednesday--$NVDA will tell you when it is right...,12/5/17 2:19,/jimcramer/status/937869004349329409,jimcramer,0,12/5/17
52,Jim Cramer,9.37969E+17,11,4,1,we will do our best for you. Talk about what we learned.. Talk about what our core holdings are going forward..Not too late to sign up- http://www.actionalertsplus.com  https://twitter.com/technotalk13352/status/937966235697930241 …,12/5/17 8:55,/jimcramer/status/937968642515402752,jimcramer,0.6369,12/5/17
53,Jim Cramer,9.38007E+17,13,5,3,after this decline/reversal you want to buy the highest quality stuff now...https://twitter.com/AMartinezRivera/status/937963081132539904 …,12/5/17 11:27,/jimcramer/status/938006954278047744,jimcramer,0.0772,12/5/17
54,Jim Cramer,9.38008E+17,2,1,1,always thoughtful!https://twitter.com/EYnews/status/937988675316649989 …,12/5/17 11:30,/jimcramer/status/938007733428740096,jimcramer,0,12/5/17
55,Jim Cramer,9.38008E+17,11,2,2,"No choice, big call tomorrow with club members; www..actionalertsplus.comhttps://twitter.com/joeyszk/status/937970975555104768 …",12/5/17 11:32,/jimcramer/status/938008194319900672,jimcramer,-0.296,12/5/17
56,Jim Cramer,9.38008E+17,1,0,0,@SteveKrouskos  of course!https://twitter.com/SteveKrouskos/status/938008093631315968 …,12/5/17 11:33,/jimcramer/status/938008317376507906,jimcramer,0,12/5/17
57,Jim Cramer,9.38032E+17,7,0,2,Protect this house -- @Sarge986http://bit.ly/2AUIsA5 ,12/5/17 13:05,/jimcramer/status/938031535239909378,jimcramer,0.3818,12/5/17
58,Jim Cramer,9.38033E+17,10,1,2,read my http://www.realmoney.com  piece and attend tomorrow's conference call for club members: http://www.actionalertsplus.com https://twitter.com/jaydixson1/status/938023438815580160 …,12/5/17 13:09,/jimcramer/status/938032584386383872,jimcramer,0,12/5/17
59,Jim Cramer,9.38044E+17,12,8,2,i am not against..but buy buy buy is hardhttps://twitter.com/Boomersaurus/status/938032896832663553 …,12/5/17 13:53,/jimcramer/status/938043710620798976,jimcramer,0,12/5/17
60,Jim Cramer,9.38045E+17,9,7,0,we need to win three our of four to get buy and home field....https://twitter.com/CramersShirt/status/938044454337961984 …,12/5/17 13:57,/jimcramer/status/938044600765353984,jimcramer,0.5859,12/5/17
61,Jim Cramer,9.38052E+17,8,4,0,i wouldn't take it all that personally....https://twitter.com/ValleyGirl77777/status/938051058923909120 …,12/5/17 14:26,/jimcramer/status/938051938268131330,jimcramer,0,12/5/17
62,Jim Cramer,9.38055E+17,5,1,1,@davidfaber -green light  on $FOXA-$DIS,12/5/17 14:39,/jimcramer/status/938055297121341445,jimcramer,0,12/5/17
63,Jim Cramer,9.38057E+17,20,2,1,thank you!https://twitter.com/ShevachD/status/938056353049923584 …,12/5/17 14:45,/jimcramer/status/938056857373085696,jimcramer,0.4199,12/5/17
64,Jim Cramer,9.38059E+17,10,1,1,Honeywell should take a pause before heading higher: Kamichhttp://bit.ly/2iVHi0b ,12/5/17 14:53,/jimcramer/status/938058741588602880,jimcramer,0,12/5/17
65,Jim Cramer,9.38067E+17,7,0,3,Kamich: United Technologies looks ready for takeoffhttp://bit.ly/2AVdVCd ,12/5/17 15:26,/jimcramer/status/938066947668881408,jimcramer,0.6486,12/5/17
66,Jim Cramer,9.38077E+17,200,32,17,People saying I am no longer a factor; $NVDA lives!!!pic.twitter.com/VUvYwemhkA,12/5/17 16:05,/jimcramer/status/938076787887738886,jimcramer,-0.4724,12/5/17
67,Jim Cramer,9.38081E+17,12,2,3,"Boeing, Boeing, Gone -- This stock is still rising but caution is warranted: Kamichhttp://bit.ly/2AVIbgh ",12/5/17 16:22,/jimcramer/status/938081070444089346,jimcramer,0,12/5/17
68,Jim Cramer,9.38091E+17,15,2,3,When a stock falls out of favor like this it usually is because of a group move NOT because of anything specific to $SWKShttps://twitter.com/RockyZZalboa/status/938086453514506240 …,12/5/17 16:59,/jimcramer/status/938090521330929665,jimcramer,0.6369,12/5/17
69,Jim Cramer,9.38091E+17,12,3,1,"it is Allergan $AGN which we will talk about on tomorrow's club call, http://www.actionalertsplus.com https://twitter.com/patrickevansII/status/938090350282932224 …",12/5/17 17:00,/jimcramer/status/938090692617949184,jimcramer,0,12/5/17
70,Jim Cramer,9.38091E+17,6,2,1,"Kamich: Costco makes a new high and golden cross, so what's the problem?http://bit.ly/2iUKKYO ",12/5/17 17:02,/jimcramer/status/938091231669866497,jimcramer,0,12/5/17
71,Jim Cramer,9.38106E+17,22,2,1,I can't win all of the time but i can work as hard as i can.https://twitter.com/georgedemirakos/status/938103682171842560 …,12/5/17 18:00,/jimcramer/status/938105754199961602,jimcramer,-0.3891,12/5/17
72,Jim Cramer,9.38106E+17,4,1,0,we will address this on the http://www.actionalertsplus.com  conference call where we have been unwilling to buy more here.https://twitter.com/KD4EBL/status/938103245138006016 …,12/5/17 18:00,/jimcramer/status/938105927026307072,jimcramer,0,12/5/17
73,Jim Cramer,9.38132E+17,9,1,1,Raise stops to lock in gains on Parker Hannifin: Kamichhttp://bit.ly/2ATdecy ,12/5/17 19:44,/jimcramer/status/938132064443994112,jimcramer,0.2023,12/5/17
74,Jim Cramer,9.38157E+17,7,1,1,Ingersoll-Rand is toppy and vulnerable: Kamichhttp://bit.ly/2BNNoUS ,12/5/17 21:23,/jimcramer/status/938156909328297984,jimcramer,-0.2263,12/5/17
75,Jim Cramer,9.3816E+17,8,3,1,we have done a sum of the parts analysis to show that $AGN has value but we are not telling club members to buy it--get on the call tomorrow ..www.actionalerplus.comhttps://twitter.com/Sherbekow/status/938130285379584001 …,12/5/17 21:36,/jimcramer/status/938160176997326850,jimcramer,0.1779,12/5/17
76,Jim Cramer,9.38171E+17,37,2,8,An overdue tech correction doesn’t change the big picture: Jhonsahttp://bit.ly/2A9KBIw ,12/5/17 22:18,/jimcramer/status/938170839668854784,jimcramer,0,12/5/17
77,Jim Cramer,9.38176E+17,8,2,2,i like it but i think you are buying too much $PYPL at once..https://twitter.com/cpowerfitness/status/938173114621538311 …,12/5/17 22:37,/jimcramer/status/938175530137989122,jimcramer,0.1901,12/5/17
78,Jim Cramer,9.38176E+17,13,2,2,stay focused on this one...https://twitter.com/alteryx/status/938170546038087681 …,12/5/17 22:39,/jimcramer/status/938176105072209920,jimcramer,0.3818,12/5/17
79,Jim Cramer,9.38176E+17,27,2,4,go 'Noleshttps://twitter.com/JonathanSmithFL/status/938164298634940416 …,12/5/17 22:40,/jimcramer/status/938176302569480192,jimcramer,0,12/5/17
80,Jim Cramer,9.38188E+17,12,6,3,Ford could be going in reverse: Kamichhttp://bit.ly/2kqkgyM ,12/5/17 23:26,/jimcramer/status/938187912067379200,jimcramer,0,12/5/17
81,Jim Cramer,9.38197E+17,8,5,2,General Motors stock needs a tune-up: Kamichhttp://bit.ly/2kmOToO ,12/6/17 0:01,/jimcramer/status/938196589176348673,jimcramer,0,12/6/17
82,Jim Cramer,9.38243E+17,59,11,5,Tomorrow we will talk about  Nvidia on our conference call for http://www.actionalertsplus.com . Club members know i like this one.,12/6/17 3:05,/jimcramer/status/938243027906301952,jimcramer,0.3612,12/6/17
83,Jim Cramer,9.38246E+17,5,1,0,We own $NXPI for http://www.actionalertsplus.com   and have not tendered...https://twitter.com/ken30642/status/938244194556137473 …,12/6/17 3:18,/jimcramer/status/938246236498522112,jimcramer,0,12/6/17
84,Jim Cramer,9.38344E+17,24,3,4,The club talks about Nvidia and Bitcoin constantly. Come listen to my conference call today. http://www.actionalertsplus.com https://twitter.com/KyleJohnson00/status/938289047679721474 …,12/6/17 9:48,/jimcramer/status/938344335418028032,jimcramer,0,12/6/17
85,Jim Cramer,9.38398E+17,16,5,3,working hard for club members. Thank you !!!  -www.actionalertsplus.comhttps://twitter.com/theanimal23/status/938397811070132225 …,12/6/17 13:21,/jimcramer/status/938398045682716672,jimcramer,0.4545,12/6/17
86,Jim Cramer,9.38406E+17,130,18,39,Dostoyevsky's the Gambler--it was about Bitcoin! Who knew? -https://twitter.com/ValaAfshar/status/938405129958674432 …,12/6/17 13:51,/jimcramer/status/938405567370027008,jimcramer,0,12/6/17
87,Jim Cramer,9.38406E+17,308,62,27,"Yeah, yeah, sure sure, do some homework. I get up at 3:30 a.m. every day to do some homework after i work until 10:00 p.m so don't tell me about homework on this or anything else, Sparky.https://twitter.com/jeffwills08/status/938405548113965058 …",12/6/17 13:53,/jimcramer/status/938406106698838018,jimcramer,0.7906,12/6/17
88,Jim Cramer,9.38406E+17,99,20,10,"""Do some  homework"" is code for ""i disagree with you."" My response: get rigorous get out of my face.",12/6/17 13:55,/jimcramer/status/938406495288512513,jimcramer,-0.5719,12/6/17
89,Jim Cramer,9.38411E+17,512,38,60,I GET UP AT 3:30  A.M. CAUSE THE HATERS GET UP AT 4:00 AND I NEVER USE ALL CAPShttps://twitter.com/XGemTrader/status/938410888633098240 …,12/6/17 14:14,/jimcramer/status/938411255819329536,jimcramer,-0.6037,12/6/17
90,Jim Cramer,9.38415E+17,5,0,1,Raytheon could be topping out: Kamichhttp://bit.ly/2Acvk9L ,12/6/17 14:27,/jimcramer/status/938414518371307525,jimcramer,0,12/6/17
91,Jim Cramer,9.38415E+17,15,7,3,we use $AMD and $NVDA to mine tulips but typically in the early spring. We kill it....https://twitter.com/RStevendad/status/938414317531168770 …,12/6/17 14:27,/jimcramer/status/938414654086418434,jimcramer,-0.8201,12/6/17
92,Jim Cramer,9.38415E+17,11,1,1,"nah, it's like Marshall Sam Girard: i don't carehttps://twitter.com/DWildemuth/status/938413614133805056 …",12/6/17 14:28,/jimcramer/status/938414835666210816,jimcramer,0.2732,12/6/17
93,Jim Cramer,9.38418E+17,250,71,44,Bitcoin--more important than the invention of the forward pass!!!,12/6/17 14:39,/jimcramer/status/938417536068145154,jimcramer,0.3971,12/6/17
94,Jim Cramer,9.38418E+17,49,14,18,some say we thought the world was flat before blockchain,12/6/17 14:39,/jimcramer/status/938417670252150785,jimcramer,0,12/6/17
95,Jim Cramer,9.3843E+17,13,1,5,Lockheed Martin may be cooling its jets: Kamichhttp://bit.ly/2kr74K6 ,12/6/17 15:29,/jimcramer/status/938430263293603842,jimcramer,0,12/6/17
96,Jim Cramer,9.38433E+17,14,1,1,love yahttps://twitter.com/iisblackrob/status/938432329139224578 …,12/6/17 15:41,/jimcramer/status/938433163008860160,jimcramer,0.6369,12/6/17
97,Jim Cramer,9.38434E+17,13,5,1,"My mother can say i am mixed up, Bud, you need to focus on something else.; i never even said what you have me say.. Why don't you spend some time  reading Beat The Dealerhttps://twitter.com/bshive87/status/938432192400773125 …",12/6/17 15:43,/jimcramer/status/938433607948996608,jimcramer,0,12/6/17
98,Jim Cramer,9.38434E+17,128,32,18,superbhttps://twitter.com/realDonaldTrump/status/938422792080457731 …,12/6/17 15:43,/jimcramer/status/938433681357787136,jimcramer,0,12/6/17
99,Jim Cramer,9.38434E+17,12,0,0,My guyhttps://twitter.com/AdamSchefter/status/938423431338647552 …,12/6/17 15:43,/jimcramer/status/938433754460315648,jimcramer,0,12/6/17
100,Jim Cramer,9.38495E+17,116,19,10,this is fantastic news!https://twitter.com/people/status/938494644412977153 …,12/6/17 19:45,/jimcramer/status/938494742064660482,jimcramer,0.5983,12/6/17
101,Jim Cramer,9.38495E+17,23,10,3,hey a lot of Sparkies and Chiefs disagree !https://twitter.com/choonsheanchee/status/938486730033913856 …,12/6/17 19:47,/jimcramer/status/938495018544828417,jimcramer,-0.4389,12/6/17
102,Jim Cramer,9.38497E+17,12,6,1,Tencent Holdings likely to correct further: Kamichhttp://bit.ly/2B6jttM ,12/6/17 19:53,/jimcramer/status/938496638221455361,jimcramer,0,12/6/17
103,Jim Cramer,9.38503E+17,6,1,1,Kamich - More clues on how to trade Boeing: chartshttp://bit.ly/2kplpXd ,12/6/17 20:17,/jimcramer/status/938502558456406016,jimcramer,0,12/6/17
104,Jim Cramer,9.38512E+17,33,5,8,AGN: Insider Buying by Brent Saunders https://www.sec.gov/Archives/edgar/data/1268854/000117911017014997/xslF345X03/edgar.xml …,12/6/17 20:56,/jimcramer/status/938512397706452992,jimcramer,0,12/6/17
105,Jim Cramer,9.38513E+17,14,9,2,"thanks for that favor, skipper!https://twitter.com/jeffwills08/status/938417903858323456 …",12/6/17 20:59,/jimcramer/status/938513367429468160,jimcramer,0.7088,12/6/17
106,Jim Cramer,9.38513E+17,62,30,7,Lousy close,12/6/17 21:00,/jimcramer/status/938513411503198209,jimcramer,-0.5423,12/6/17
107,Jim Cramer,9.38709E+17,37,5,4,"You have to love that new, higher dividend at $AVGO and the comments on $AAPL.Exceeded even what we said on the http://www.actionalertsplus.com  club call!",12/7/17 9:58,/jimcramer/status/938709228000292864,jimcramer,0.6696,12/7/17
108,Jim Cramer,9.38719E+17,307,70,50,"Look out, I just changed the name of my other dog to Bitcoin. He answered to it immediately!!https://twitter.com/BumbaJK/status/938710603249717248 …",12/7/17 10:38,/jimcramer/status/938719358582390784,jimcramer,0,12/7/17
109,Jim Cramer,9.38773E+17,390,72,78,"Bitcoin is the sun the moon and the stars, sparkies",12/7/17 14:09,/jimcramer/status/938772528046202880,jimcramer,0,12/7/17
110,Jim Cramer,9.38776E+17,13,3,2,Learn about fire from this book:  http://amzn.to/2kxfLST pic.twitter.com/M8i1t1YtsY,12/7/17 14:23,/jimcramer/status/938775941094039553,jimcramer,-0.34,12/7/17
111,Jim Cramer,9.38777E+17,146,36,17,Let it never be said that i kept you out of Bitcoin !!!  My dog is Mr. Bitcoin,12/7/17 14:27,/jimcramer/status/938776878080561154,jimcramer,0,12/7/17
112,Jim Cramer,9.38778E+17,96,19,6,Bitcoin with Nvidiapic.twitter.com/3VLtq1eB2r,12/7/17 14:30,/jimcramer/status/938777648272150529,jimcramer,0,12/7/17
113,Jim Cramer,9.38781E+17,375,50,33,Nvidia on left Mr. Bitcoin on right; not pictured Ethereumpic.twitter.com/xUNxRjEzOA,12/7/17 14:42,/jimcramer/status/938780841827799040,jimcramer,0,12/7/17
114,Jim Cramer,9.38781E+17,20,6,2,Stocking stuffers???https://twitter.com/ShannanSiemens/status/938780746763915264 …,12/7/17 14:43,/jimcramer/status/938780968193806336,jimcramer,0,12/7/17
115,Jim Cramer,9.38801E+17,8,3,0,Lululemon Athletica gaped to the upside on earnings: Kamichhttp://bit.ly/2kwbjE4 ,12/7/17 16:02,/jimcramer/status/938800782719307776,jimcramer,0,12/7/17
116,Jim Cramer,9.38816E+17,14,2,1,Dollar General could soar another 30% in the long-term: Kamichhttp://bit.ly/2BTIaXN ,12/7/17 17:03,/jimcramer/status/938816165899591680,jimcramer,0,12/7/17
117,Jim Cramer,9.38817E+17,9,2,0,Please watch our club call for http://www.actionalertsplus.com  where i discuss what to do. Not fair to give it away herehttps://twitter.com/briansantosmus/status/938808233132789765 …,12/7/17 17:06,/jimcramer/status/938817021340512257,jimcramer,0.5574,12/7/17
118,Jim Cramer,9.38853E+17,4,5,0,Dollar Tree could use a pause to refresh the rally: Kamichhttp://bit.ly/2BeSlcj ,12/7/17 19:29,/jimcramer/status/938852956920786949,jimcramer,0,12/7/17
119,Jim Cramer,9.38854E+17,14,5,2,"this is typical of what i have to deal with. I said it be fractional. There is no denial. I said you can buy it, Palhttps://twitter.com/matt_odell/status/938852911244816384 …",12/7/17 19:35,/jimcramer/status/938854375312822278,jimcramer,-0.296,12/7/17
120,Jim Cramer,9.38855E+17,67,17,3,"It would be so good if some of the bitcoinarooniemcfaddies  would actually read and watch me and not just make up things about what i say,",12/7/17 19:35,/jimcramer/status/938854558192762880,jimcramer,0.5777,12/7/17
121,Jim Cramer,9.38859E+17,5,0,1,Kamich: Breakfast at Tiffany's or chow down on the stock?http://bit.ly/2AlK6Lj ,12/7/17 19:51,/jimcramer/status/938858549807075329,jimcramer,0,12/7/17
122,Jim Cramer,9.38859E+17,26,19,1,"always love when i am told that i know nothing. It usually means that they haven't listened or i am right. Here's a trenchant tweet after i said it could go much higher. What do these people want me to say?
 Insanehttps://twitter.com/pebigger/status/938856307083358208 …",12/7/17 19:54,/jimcramer/status/938859360406704128,jimcramer,0.6705,12/7/17
123,Jim Cramer,9.3886E+17,77,12,7,"Bitcoin lovers, Mr. Bitcoin is grateful for your supportpic.twitter.com/A8RbsqW59r",12/7/17 19:57,/jimcramer/status/938859983038541824,jimcramer,0.7506,12/7/17
124,Jim Cramer,9.3886E+17,75,19,2,"and you watch every minute of me and i don't watch you at all, Sport!https://twitter.com/EquitiesOnly/status/938840799655157761 …",12/7/17 19:58,/jimcramer/status/938860202916483073,jimcramer,0,12/7/17
125,Jim Cramer,9.38861E+17,41,8,5,"Heck, I named my dog Mr. Bitcoin. I think they will only be happy when i call my wife Bitcoin. If it will please them i will do it! But it won't. They want me to trade her in  for Bitcoins. After i do that they will want me to sign a bitcoin prenuphttps://twitter.com/Blckberry13/status/938859695372230656 …",12/7/17 20:00,/jimcramer/status/938860663891464195,jimcramer,0.7048,12/7/17
126,Jim Cramer,9.38862E+17,88,23,7,"Mr. Jim Bitcoin to you. I am running for president on the Bitcoin platform: a bitcoin in every pot, a bitcoin in every garage.https://twitter.com/LxF77/status/938861785158995969 …",12/7/17 20:05,/jimcramer/status/938862077053231104,jimcramer,0,12/7/17
127,Jim Cramer,9.38862E+17,160,14,32,From now on all dues in our fantasy football league can only be paid in Bitcoin. Period.,12/7/17 20:06,/jimcramer/status/938862365977833473,jimcramer,0,12/7/17
128,Jim Cramer,9.38863E+17,342,103,46,"I just killed our ""Am I diversified"" segment of @MadMoneyOnCNBC because i want everyone in nothing but bitcoin because i actually understand it!!!.",12/7/17 20:08,/jimcramer/status/938862910461399040,jimcramer,-0.5386,12/7/17
129,Jim Cramer,9.38863E+17,223,18,32,I just enrolled in my alma mater's Bitcoin doctorate program because i want to get a doctorate in bitcoinage so i know more than the bitcoinarooniemcfaddies here,12/7/17 20:09,/jimcramer/status/938863140997132290,jimcramer,0.0772,12/7/17
130,Jim Cramer,9.38864E+17,30,4,7,"@AdamSchefter just said, per sources, that Belichick will declare Brady a health scratch and he will start Bitcoin. That's it, highest compliment.",12/7/17 20:13,/jimcramer/status/938864135235883008,jimcramer,0.4767,12/7/17
131,Jim Cramer,9.38865E+17,37,5,2,"I had a breakfast of Bitcoin, a Breakfast of Champions!!  I like it with almond milk. @BarSanMiguelBK only accepts bitcoin. i am turning away stupid customers who don't know Jack https://twitter.com/HempfestSpokane/status/938864291700232192 …",12/7/17 20:16,/jimcramer/status/938864698086346754,jimcramer,0.658,12/7/17
132,Jim Cramer,9.38865E+17,29,7,3,"No. The Blockchain nation has forbidden a top in bitcoin. DId you go to college to get stupid, Stupid?https://twitter.com/rmac818/status/938864794924388352 …",12/7/17 20:17,/jimcramer/status/938865178900393985,jimcramer,-0.765,12/7/17
133,Jim Cramer,9.38868E+17,35,10,8,It is not true that $GE was short bitcoin,12/7/17 20:27,/jimcramer/status/938867677568864256,jimcramer,-0.3252,12/7/17
134,Jim Cramer,9.38869E+17,95,17,9,Unleash the hounds!pic.twitter.com/xpvgwLmOL4,12/7/17 20:31,/jimcramer/status/938868700467351554,jimcramer,0,12/7/17
135,Jim Cramer,9.38869E+17,31,6,4,Yes. that was actual footage of Mr. Bitcoin and Nvidia.  They will not be denied!!!,12/7/17 20:35,/jimcramer/status/938869492943343621,jimcramer,0.7169,12/7/17
136,Jim Cramer,9.3887E+17,221,29,28,Feeding time for Mr. Bitcoinpic.twitter.com/R7GGLtv7jF,12/7/17 20:36,/jimcramer/status/938869896783556608,jimcramer,0,12/7/17
137,Jim Cramer,9.38873E+17,35,6,7,"He only answers to Bitcoin. It's amazing, he dropped Chevron like a hot potato.https://twitter.com/jmanz80/status/938871649658638337 …",12/7/17 20:49,/jimcramer/status/938873051579604998,jimcramer,0.743,12/7/17
138,Jim Cramer,9.38875E+17,244,26,66,Pre-Bitcoin wisdompic.twitter.com/diYG0ZL9Mc,12/7/17 20:57,/jimcramer/status/938875169430556672,jimcramer,0,12/7/17
139,Jim Cramer,9.38876E+17,77,22,5,"Gee, let me see, have i mentioned bitcoin today?https://twitter.com/kaneogle/status/938875450570559489 …",12/7/17 21:01,/jimcramer/status/938876239179386881,jimcramer,0,12/7/17
140,Jim Cramer,9.38877E+17,138,39,19,No. You need to be 100% just plain bitcoin because you have obviously done no homework and truly don't understand Bitcoin...https://twitter.com/FoolMCochrane/status/938876794538733570 …,12/7/17 21:06,/jimcramer/status/938877341538930689,jimcramer,-0.128,12/7/17
141,Jim Cramer,9.38894E+17,32,15,0,"Hey, i am a sweet guy. Those are all terms of endearment!https://twitter.com/mtlookoutmike/status/938892740934471687 …",12/7/17 22:13,/jimcramer/status/938894327048278017,jimcramer,0.5093,12/7/17
142,Jim Cramer,9.38905E+17,36,3,26,"Jhonsa: Intel faces new threats from IBM and Qualcomm, even as it fends off AMDhttp://bit.ly/2nFKTAL ",12/7/17 22:58,/jimcramer/status/938905475906666498,jimcramer,-0.4215,12/7/17
143,Jim Cramer,9.39056E+17,14,1,2,thank you!https://twitter.com/Steveperry1776/status/939004366886903808 …,12/8/17 8:56,/jimcramer/status/939055971850170369,jimcramer,0.4199,12/8/17
144,Jim Cramer,9.39056E+17,35,12,4,The acolytes tell me bitcoin is something that goes higherhttps://twitter.com/oldgorky/status/939055185502130176 …,12/8/17 8:56,/jimcramer/status/939056148350689280,jimcramer,0,12/8/17
145,Jim Cramer,9.39056E+17,7,1,0,"true for all but the word ""friggin""https://twitter.com/Sherbekow/status/938989113696436224 …",12/8/17 8:57,/jimcramer/status/939056375589691392,jimcramer,0.2263,12/8/17
146,Jim Cramer,9.39056E+17,17,0,0,dog's for horse sensehttps://twitter.com/MillerEatsPoo/status/938979474829447170 …,12/8/17 8:58,/jimcramer/status/939056478329155584,jimcramer,0,12/8/17
147,Jim Cramer,9.39099E+17,93,29,27,good bitcoin thoughts.https://twitter.com/flacqua/status/939098586033393664 …,12/8/17 11:46,/jimcramer/status/939098982432870400,jimcramer,0.4404,12/8/17
148,Jim Cramer,9.39128E+17,40,15,5,"My dog, Mr, Bitcoin, very worried about head and shoulder pattern. I gave him a treat....https://twitter.com/PaulVH87/status/939124914187063296 …",12/8/17 13:41,/jimcramer/status/939127831153569792,jimcramer,-0.3597,12/8/17
149,Jim Cramer,9.39128E+17,86,15,8,"With all due respect, you have done NO homework, Chief. By including GE you have added an oil to a bit coin portfolio ...https://twitter.com/laderabob/status/939115298422251522 …",12/8/17 13:43,/jimcramer/status/939128213640540160,jimcramer,0.0431,12/8/17
150,Jim Cramer,9.39129E+17,44,16,3,They don;t know the difference between  Prell and H&Shttps://twitter.com/jlhose/status/939128655287955456 …,12/8/17 13:46,/jimcramer/status/939129034620928000,jimcramer,0,12/8/17
151,Jim Cramer,9.39135E+17,59,16,0,i guess i gotta get a third doghttps://twitter.com/pebigger/status/939134960610488320 …,12/8/17 14:12,/jimcramer/status/939135491705851904,jimcramer,0,12/8/17
152,Jim Cramer,9.39144E+17,55,27,10,Take that Bitcoinerooniemcfaddies!,12/8/17 14:45,/jimcramer/status/939143991043510272,jimcramer,0,12/8/17
153,Jim Cramer,9.39144E+17,11,9,3,Punts on bitcoin!!!https://twitter.com/kaylatausche/status/939144022408523776 …,12/8/17 14:46,/jimcramer/status/939144168533839878,jimcramer,0,12/8/17
154,Jim Cramer,9.39146E+17,23,10,1,Hey Sport have a good weekendhttps://twitter.com/_PennyStock/status/939145713467908096 …,12/8/17 14:53,/jimcramer/status/939145979256852480,jimcramer,0.4404,12/8/17
155,Jim Cramer,9.39146E+17,27,10,1,Don't want this rally to get ahead of itself; long day,12/8/17 14:55,/jimcramer/status/939146355615903744,jimcramer,-0.0572,12/8/17
156,Jim Cramer,9.39162E+17,30,3,1,"wow, thanks!https://twitter.com/slamen13/status/939161321702150145 …",12/8/17 15:58,/jimcramer/status/939162320277770240,jimcramer,0.6239,12/8/17
157,Jim Cramer,9.39163E+17,49,7,8,club favorite!https://twitter.com/TheStreet/status/939154884003356672 …,12/8/17 16:00,/jimcramer/status/939162724713615360,jimcramer,0,12/8/17
158,Jim Cramer,9.39163E+17,10,2,3,Kamich - Huntington Bancshares has broken out on the upside -- Get long:http://bit.ly/2AIouHZ ,12/8/17 16:02,/jimcramer/status/939163274062585856,jimcramer,-0.4767,12/8/17
159,Jim Cramer,9.3918E+17,5,2,0,@AdamSchefter doesn't make me want to recommend $IBM but might  help me pick Eagles D v. Bills Dhttps://twitter.com/AdamSchefter/status/939179979266502658 …,12/8/17 17:10,/jimcramer/status/939180295806488576,jimcramer,0.6356,12/8/17
160,Jim Cramer,9.39198E+17,12,4,1,Square's stock has pulled back-- Raise sell stop protection: Kamichhttp://bit.ly/2kEAc0e ,12/8/17 18:21,/jimcramer/status/939198307611619328,jimcramer,-0.296,12/8/17
161,Jim Cramer,9.39214E+17,11,2,2,Matthew Boss from JPM telling compelling story about retail and taxes,12/8/17 19:24,/jimcramer/status/939214002831482880,jimcramer,0.2263,12/8/17
162,Jim Cramer,9.39225E+17,3,2,1,Fifth Third Bancorp is probably going to trade sideways awhile longer: Kamichhttp://bit.ly/2AIWCDC ,12/8/17 20:09,/jimcramer/status/939225482687598592,jimcramer,0,12/8/17
163,Jim Cramer,9.39226E+17,427,66,41,"the bit coin maniacs are spending a huge amount of time trashing us and what they don't realize is that my dog, Bitcoin, is not the least  bit offended because he can't read!",12/8/17 20:10,/jimcramer/status/939225619048681472,jimcramer,-0.2942,12/8/17
164,Jim Cramer,9.39226E+17,118,13,9,Mr. Bit Coin is getting all of the attention. I’m bummedpic.twitter.com/iBvCAtKrYc,12/8/17 20:12,/jimcramer/status/939226190581305350,jimcramer,0,12/8/17
165,Jim Cramer,9.39227E+17,58,9,2,I fear what happens if they trade futures on me! But my fans say I will be fine. They are so smart!pic.twitter.com/QFK85X6FzJ,12/8/17 20:15,/jimcramer/status/939226838169243648,jimcramer,-0.4559,12/8/17
166,Jim Cramer,9.39228E+17,102,14,3,My master’s critics are just a bunch of fire hydrants if you ask mepic.twitter.com/wVu4Yw4Pva,12/8/17 20:18,/jimcramer/status/939227713268801537,jimcramer,-0.5574,12/8/17
167,Jim Cramer,9.39232E+17,2,1,1,Man that 18 wheeler really took out Komag...https://twitter.com/ripmini500/status/939230919763914755 …,12/8/17 20:36,/jimcramer/status/939232114049941504,jimcramer,0,12/8/17
168,Jim Cramer,9.39233E+17,15,7,1,"Nah, Friday fun.. Mr. Bitcoin, though, wants to bite someone's jugular and Nvidia is actually a dangerous dog who has bit a lot of peoplehttps://twitter.com/PeteWalker1986/status/939229109242204160 …",12/8/17 20:37,/jimcramer/status/939232549322272768,jimcramer,-0.5423,12/8/17
169,Jim Cramer,9.39233E+17,13,3,3,@JohnLegere Where's mine?https://twitter.com/JohnLegere/status/939231862894895104 …,12/8/17 20:38,/jimcramer/status/939232847759626240,jimcramer,0,12/8/17
170,Jim Cramer,9.39235E+17,50,16,4,We just read the BTC white paper and boy are we hungrypic.twitter.com/G71DSLF6IJ,12/8/17 20:48,/jimcramer/status/939235244527554560,jimcramer,0,12/8/17
171,Jim Cramer,9.39248E+17,177,42,18,Two Way market in Bitcoin?pic.twitter.com/ZgSmltaFmD,12/8/17 21:39,/jimcramer/status/939248150447120385,jimcramer,0,12/8/17
172,Jim Cramer,9.39253E+17,8,3,1,of coursehttps://twitter.com/intelliot/status/939253011171368960 …,12/8/17 21:59,/jimcramer/status/939253141828227073,jimcramer,0,12/8/17
173,Jim Cramer,9.39253E+17,14,1,1,"I say all clear, but here’s what could go wrong, $FB and $GOOGLhttp://bit.ly/2nJDxMH ",12/8/17 21:59,/jimcramer/status/939253226750316544,jimcramer,-0.5187,12/8/17
174,Jim Cramer,9.39256E+17,11,4,1,mais ouihttps://twitter.com/AspenCryptoBull/status/939253986594394112 …,12/8/17 22:08,/jimcramer/status/939255504672616448,jimcramer,0,12/8/17
175,Jim Cramer,9.3926E+17,16,5,0,this guy's got horse sensehttps://twitter.com/PaytheTollman/status/939259639358771200 …,12/8/17 22:27,/jimcramer/status/939260280269430786,jimcramer,0,12/8/17
176,Jim Cramer,9.39269E+17,266,33,22,"Another dog down the block called me Bit Coin and I told him it’s Mr. Bit Coin, chiefpic.twitter.com/B1ptvrDOZh",12/8/17 23:02,/jimcramer/status/939268956132663296,jimcramer,-0.4404,12/8/17
177,Jim Cramer,9.3929E+17,15,3,0,bingo...https://twitter.com/DrNurseDan/status/939274496577388544 …,12/9/17 0:25,/jimcramer/status/939289777479839744,jimcramer,0,12/9/17
178,Jim Cramer,9.39541E+17,125,35,12,Yeah I decided to stop being a stick junkie and am now devoting my career to discussing bit coin and nothing but bit coinhttps://twitter.com/fab00se/status/939528671202873347 …,12/9/17 17:02,/jimcramer/status/939540837351948288,jimcramer,0.2617,12/9/17
179,Jim Cramer,9.39572E+17,16,11,2,All I want is an orderly market from but coin to feel better about it and that could happen once the futures trade.https://twitter.com/hedgefundofone/status/939491458180112385 …,12/9/17 19:08,/jimcramer/status/939572466980196352,jimcramer,0.6124,12/9/17
180,Jim Cramer,9.39573E+17,16,3,1,Two reasons: they weren’t national yet and they had high dividendshttps://twitter.com/donboyle22/status/939555107737235457 …,12/9/17 19:09,/jimcramer/status/939572720014188544,jimcramer,0,12/9/17
181,Jim Cramer,9.39575E+17,37,13,8,"I am hoping the futures do just that.. I have always felt that bitcoin was a worthwhile substitute for failing currencies, but the last few weeks volatility hurt its credibilityhttps://twitter.com/coinjunky/status/939573150962061320 …",12/9/17 19:19,/jimcramer/status/939575244779638784,jimcramer,-0.631,12/9/17
182,Jim Cramer,9.39575E+17,16,5,2,Interesting question--but remember i can't buy anything for myself so i don't have that much second-guessing to do!!!https://twitter.com/DavidCrickmer/status/939562632511713280 …,12/9/17 19:20,/jimcramer/status/939575467346223105,jimcramer,0.5538,12/9/17
183,Jim Cramer,9.39577E+17,17,4,6,$250 call on bitcoinhttps://twitter.com/IBStewards/status/939543949504475136 …,12/9/17 19:24,/jimcramer/status/939576532074467330,jimcramer,0,12/9/17
184,Jim Cramer,9.39577E+17,17,6,4,We just need to see what an orderly market for bitcoin will be to see if it has further adoption...https://twitter.com/munderw341/status/939549572908666880 …,12/9/17 19:25,/jimcramer/status/939576664434110464,jimcramer,0,12/9/17
185,Jim Cramer,9.39578E+17,13,3,2,Not true--it can get to where it has to go in a more orderly way. You should fear that the short sellers have walked it up and be ready to buy lower. ..#bitcoinhttps://twitter.com/coinjunky/status/939577115145621504 …,12/9/17 19:30,/jimcramer/status/939578005587943426,jimcramer,-0.4404,12/9/17
186,Jim Cramer,9.39579E+17,28,8,3,That would be both unethical and illegal so i wouldn't bank on it ...https://twitter.com/RadiHood/status/939576422078844930 …,12/9/17 19:33,/jimcramer/status/939578645407989760,jimcramer,-0.7845,12/9/17
187,Jim Cramer,9.39579E+17,12,4,2,the futures are just synonymous for a two-way market that's regulated..that's all...But that's importanthttps://twitter.com/Parlenicjj/status/939545000492199936 …,12/9/17 19:34,/jimcramer/status/939578897875767297,jimcramer,0,12/9/17
188,Jim Cramer,9.3958E+17,19,4,3,But many have bought in enough so that the sharecount is not that much different...The yields were great... The prospects for growth much betterhttps://twitter.com/Markets360/status/939579407492055041 …,12/9/17 19:39,/jimcramer/status/939580208100802560,jimcramer,0.5859,12/9/17
189,Jim Cramer,9.3961E+17,10,3,0,Certainly a concern of mine.. we will get a new kind or price discovery...that is NOT meant in a hostile way toward #bitcoin believershttps://twitter.com/MoeGig/status/939601775258091520 …,12/9/17 21:37,/jimcramer/status/939609889860739080,jimcramer,0.4939,12/9/17
190,Jim Cramer,9.3961E+17,16,2,1,"fabulous talking with the ceo of $BA, @boeinghttps://twitter.com/brianderoy/status/939595291639943169 …",12/9/17 21:38,/jimcramer/status/939610218597625856,jimcramer,0.5267,12/9/17
191,Jim Cramer,9.39611E+17,93,26,18,"there is no FDIC for bitcoin...again, not said with any disrespect...https://twitter.com/rickpawl1/status/939582246586949632 …",12/9/17 21:40,/jimcramer/status/939610796396568576,jimcramer,-0.296,12/9/17
192,Jim Cramer,9.39611E+17,65,33,8,The anger and the rancor that #bitcoin users comport themselves does make their cause seem more strident than it need be..,12/9/17 21:42,/jimcramer/status/939611231362670593,jimcramer,-0.5719,12/9/17
193,Jim Cramer,9.39613E+17,17,3,1,"Again, two nice men who could be right. I have never doubted their wisdom or their kindness for that matter.. #bitcoin.https://twitter.com/MichielBerkel/status/939608467492491264 …",12/9/17 21:50,/jimcramer/status/939613126726692866,jimcramer,0.5911,12/9/17
194,Jim Cramer,9.39619E+17,33,7,3,Many many times. I sold souvenirs and i also was an aide to the late Chris Schenkel for years...https://twitter.com/mpk62/status/939617854562979840 …,12/9/17 22:14,/jimcramer/status/939619367574269952,jimcramer,0,12/9/17
195,Jim Cramer,9.39621E+17,26,7,5,Please read the fine print on coinbase on what is covered and is not. It is very different from traditional coverage.https://twitter.com/BrettBenedetto/status/939619439959576576 …,12/9/17 22:19,/jimcramer/status/939620528138215424,jimcramer,0.4767,12/9/17
196,Jim Cramer,9.39621E+17,480,132,63,#Bitcoin is growing boring..let's see what the futures bring. I wish everyone on both sides the best...,12/9/17 22:20,/jimcramer/status/939620905453539328,jimcramer,0.5267,12/9/17
197,Jim Cramer,9.39723E+17,34,2,2,Our box! Hope it brought you good luck!!https://twitter.com/franklcox/status/939709085708177408 …,12/10/17 5:08,/jimcramer/status/939723419242909697,jimcramer,0.7701,12/10/17
198,Jim Cramer,9.39874E+17,196,33,19,"Mr. Bitcoin readies himself for price discovery and a trip around the world if he hits $20,000 bitcoin#pic.twitter.com/WGpL5TjuXC",12/10/17 15:06,/jimcramer/status/939873921905713152,jimcramer,0,12/10/17
199,Jim Cramer,9.39874E+17,346,5,40,Congratulations to Army and Navy for a reminder of how great these two institutions are. The best we have!!,12/10/17 15:07,/jimcramer/status/939874311870935040,jimcramer,0.9298,12/10/17
200,Jim Cramer,9.39875E+17,4,2,1,@petenajarian thanks for the mojo and right back at you until the playoffs. These days all i ask is that no one get hurt!!!!https://twitter.com/petenajarian/status/939871363833253889 …,12/10/17 15:09,/jimcramer/status/939874742252855303,jimcramer,0.4344,12/10/17
201,Jim Cramer,9.39888E+17,219,40,17,Happy Holidays from all of us @BarSanMiguelBK !pic.twitter.com/Dwz8fCvNbJ,12/10/17 16:01,/jimcramer/status/939887725079089152,jimcramer,0.7644,12/10/17
202,Jim Cramer,9.39925E+17,110,24,4,Let’s get this done!pic.twitter.com/c7ZZJNi1G9,12/10/17 18:31,/jimcramer/status/939925471952764935,jimcramer,0,12/10/17
203,Jim Cramer,9.40153E+17,51,10,6,Bitcoin discovery process continues. Small volume but very positive so far. Have to wait until a normal dray to see what happens.,12/11/17 9:33,/jimcramer/status/940152653149102080,jimcramer,0.7461,12/11/17
204,Jim Cramer,9.40153E+17,1159,55,204,"Frankly, for the record, i care more about @cj_wentz than bitcoin# Sorry",12/11/17 9:36,/jimcramer/status/940153274262487040,jimcramer,0.4404,12/11/17
205,Jim Cramer,9.40187E+17,67,50,19,I wanted price discovery for #Bitcoin and the bitcoin people overwhelm me on this and make it a mission. So i am done...https://twitter.com/RevShark/status/940184123758530560 …,12/11/17 11:51,/jimcramer/status/940187316219469824,jimcramer,-0.1779,12/11/17
206,Jim Cramer,9.40229E+17,17,5,5,"We are getting price discovery for #bitcoin, tnd that matters for the skeptics...https://twitter.com/mcpoz/status/940228177485619202 …",12/11/17 14:38,/jimcramer/status/940229268973465600,jimcramer,0.0258,12/11/17
207,Jim Cramer,9.40232E+17,227,63,25,"Is it too much to ask for Mr. Immelt to apologize for what happened here? I own my mistakes. I am in a position where it is right to do so,. Is he?",12/11/17 14:47,/jimcramer/status/940231536871464960,jimcramer,-0.3527,12/11/17
208,Jim Cramer,9.4024E+17,8,1,3,Kamich: A higher bid for NXP Semiconductor seems unlikelyhttp://bit.ly/2kWGGrv ,12/11/17 15:22,/jimcramer/status/940240446164480000,jimcramer,0,12/11/17
209,Jim Cramer,9.40266E+17,15,1,0,Qualcomm set for upside breakout: Kamichhttp://bit.ly/2kZ0ryW ,12/11/17 17:03,/jimcramer/status/940265874300301317,jimcramer,0,12/11/17
210,Jim Cramer,9.40268E+17,49,25,2,No we are not hesitant. i admitted i was wrong and wrong and wrong on GE not fair .https://twitter.com/AldebaranEnterp/status/940245412631465984 …,12/11/17 17:14,/jimcramer/status/940268443533762560,jimcramer,-0.9005,12/11/17
211,Jim Cramer,9.40269E+17,29,4,7,@cj_wentz we wish you all the good health in the world and now we focus on Nick Foles.. @Eagleshttps://twitter.com/mortreport/status/940268147713691649 …,12/11/17 17:15,/jimcramer/status/940268848401600517,jimcramer,0.6808,12/11/17
212,Jim Cramer,9.40269E+17,14,1,6,read my upcoming piece on http://www.realmoney.com  on this very point.https://twitter.com/brettarussell/status/940243303420846080 …,12/11/17 17:16,/jimcramer/status/940269021584379904,jimcramer,0,12/11/17
213,Jim Cramer,9.40275E+17,9,2,0,"Skyworks Solutions teeters on the ledge, technically speaking: Kamichhttp://bit.ly/2BAIDBg ",12/11/17 17:41,/jimcramer/status/940275474881708032,jimcramer,0.1779,12/11/17
214,Jim Cramer,9.40278E+17,14,3,1,thank you!https://twitter.com/brettarussell/status/940276507695558656 …,12/11/17 17:51,/jimcramer/status/940277873436487681,jimcramer,0.4199,12/11/17
215,Jim Cramer,9.40278E+17,29,6,1,much obliged!https://twitter.com/mcpoz/status/940276439110307840 …,12/11/17 17:51,/jimcramer/status/940277957683277825,jimcramer,0,12/11/17
216,Jim Cramer,9.40278E+17,64,11,4,"thank you, i do my best. I make mistakes. My mistakes are all on film to be endlessly repeated even if if correct them or they were right at that moment and wrong laterhttps://twitter.com/DennisMNews/status/940274627154149377 …",12/11/17 17:53,/jimcramer/status/940278342963646464,jimcramer,-0.1027,12/11/17
217,Jim Cramer,9.40294E+17,10,1,0,Qorvo looks vulnerable to further declines: Kamichhttp://bit.ly/2l1dvU8 ,12/11/17 18:55,/jimcramer/status/940294052758638599,jimcramer,-0.2263,12/11/17
218,Jim Cramer,9.40318E+17,43,7,10,agreed!https://twitter.com/HildebrandAndy/status/940317526633967616 …,12/11/17 20:30,/jimcramer/status/940317870189432834,jimcramer,0,12/11/17
219,Jim Cramer,9.40318E+17,17,8,0,then i have done well!,12/11/17 20:32,/jimcramer/status/940318280354549760,jimcramer,0.3382,12/11/17
220,Jim Cramer,9.40322E+17,131,33,34,"I wanted price discovery.. i am getting it. I wanted some regulation, i am getting it. I like that. I can't come up with new things i don't like. #bitcoinhttps://twitter.com/paulrubillo/status/940319996009254912 …",12/11/17 20:45,/jimcramer/status/940321712243081217,jimcramer,0.6124,12/11/17
221,Jim Cramer,9.40505E+17,491,109,38,"How many times will  i have to mention cryptocurrencies and bitcoin today? Probably, let's see, 2384?",12/12/17 8:53,/jimcramer/status/940504764529479680,jimcramer,0,12/12/17
222,Jim Cramer,9.40505E+17,13,4,2,Brand new feature for club members of http://www.actionalertsplus.com  ..thank you!!https://twitter.com/technotalk13352/status/940422236997148672 …,12/12/17 8:54,/jimcramer/status/940505155178549248,jimcramer,0,12/12/17
223,Jim Cramer,9.40506E+17,16,9,0,devastatinghttps://twitter.com/NoceraBV/status/940398268449738757 …,12/12/17 8:56,/jimcramer/status/940505670218006529,jimcramer,0,12/12/17
224,Jim Cramer,9.40532E+17,15,3,3,$ORCL acted great yesterday.. Interesting because that wasn't the case last time.. But i think they are loosing cloud share....https://twitter.com/MarketWatch/status/940531760554762240 …,12/12/17 10:41,/jimcramer/status/940532021545373696,jimcramer,0.7783,12/12/17
225,Jim Cramer,9.4057E+17,16,2,2,Expect price discovery to regain some importance in the stock market: @Sarge986http://bit.ly/2B9NQ1C ,12/12/17 13:10,/jimcramer/status/940569558489944064,jimcramer,0.3612,12/12/17
226,Jim Cramer,9.40573E+17,10,5,3,"NXP's stock should keep trading above Qualcomm's offer price, one way or another: Jhonsahttp://bit.ly/2B9qY2h ",12/12/17 13:25,/jimcramer/status/940573204309045248,jimcramer,0,12/12/17
227,Jim Cramer,9.40582E+17,22,3,3,not goodhttps://twitter.com/JackBouroudjian/status/940581322602491905 …,12/12/17 13:58,/jimcramer/status/940581523178344448,jimcramer,0,12/12/17
228,Jim Cramer,9.40595E+17,35,5,0,thank youhttps://twitter.com/CSBowles/status/940594704630140928 …,12/12/17 14:51,/jimcramer/status/940594924675895297,jimcramer,0.3612,12/12/17
229,Jim Cramer,9.40602E+17,4,0,0,"Kamich: With 21st Century Fox, the real question is risk:http://bit.ly/2l5o1K7 ",12/12/17 15:19,/jimcramer/status/940602002723221505,jimcramer,0,12/12/17
230,Jim Cramer,9.4061E+17,9,1,0,Aggressive Schlumberger sellers meet aggressive buyers: Kamichhttp://bit.ly/2BFOMw7 ,12/12/17 15:51,/jimcramer/status/940610053668790272,jimcramer,-0.296,12/12/17
231,Jim Cramer,9.4061E+17,14,2,2,"thank you so much, Sure am trying!https://twitter.com/KimKimbrough/status/940608277435514880 …",12/12/17 15:51,/jimcramer/status/940610147461816321,jimcramer,0.6565,12/12/17
232,Jim Cramer,9.40611E+17,8,2,0,"Kind of an insane vision.. I pulled up with  someone last week who said he thought  ""Confessions"" was a thrillerhttps://twitter.com/ChrisRobinsSr/status/940605673527582720 …",12/12/17 15:53,/jimcramer/status/940610580523683842,jimcramer,-0.4019,12/12/17
233,Jim Cramer,9.40611E+17,35,5,4,i thought that was hystericalhttps://twitter.com/TonyMaglio/status/940605169422696448 …,12/12/17 15:54,/jimcramer/status/940610739299127296,jimcramer,0,12/12/17
234,Jim Cramer,9.40611E+17,22,2,3,agree and said it in a video from the floor this very morning .. http://www.thestreet.com https://twitter.com/genefl/status/940608586899705856 …,12/12/17 15:55,/jimcramer/status/940610952940179456,jimcramer,0.3612,12/12/17
235,Jim Cramer,9.40672E+17,8,3,1,this just made my day!! @Eagleshttps://twitter.com/jyarow/status/940671655709421568 …,12/12/17 19:58,/jimcramer/status/940672192097988614,jimcramer,0,12/12/17
236,Jim Cramer,9.40673E+17,15,2,2,We work hard on the videos -- http://www.actionalertsplus.com https://twitter.com/LaurieInMadison/status/940598211256995840 …,12/12/17 20:03,/jimcramer/status/940673400196009989,jimcramer,-0.1027,12/12/17
237,Jim Cramer,9.40674E+17,3,1,2,@Sarge986 making a ton of sense of course on CNBC right now!,12/12/17 20:04,/jimcramer/status/940673623186198531,jimcramer,0,12/12/17
238,Jim Cramer,9.40675E+17,17,6,5,Tune in tonight @MadMoneyOnCNBC for more take on thishttps://twitter.com/davidfaber/status/940674820320235522 …,12/12/17 20:09,/jimcramer/status/940675012905840645,jimcramer,0,12/12/17
239,Jim Cramer,9.40679E+17,13,3,1,one to watch!https://twitter.com/JamesPasseri/status/940678870612762624 …,12/12/17 20:26,/jimcramer/status/940679231117365248,jimcramer,0,12/12/17
240,Jim Cramer,9.4068E+17,12,0,0,@AdamSchefter We will get this done! We will Take No Prisoners. @Eagles @EaglesInsider @ZERTZ_86https://twitter.com/AdamSchefter/status/940669563271892992 …,12/12/17 20:28,/jimcramer/status/940679726787592203,jimcramer,-0.6996,12/12/17
241,Jim Cramer,9.4068E+17,10,0,0,@RSherman_25 Come on @MadMoneyOnCNBC and we will mine for charity!!!!https://twitter.com/RSherman_25/status/940637697604853760 …,12/12/17 20:29,/jimcramer/status/940679972825587718,jimcramer,0,12/12/17
242,Jim Cramer,9.40737E+17,19,3,2,Tesla shares are rallying in December -- here are 3 potential reasons: Jhonsahttp://bit.ly/2BYbLOV ,12/13/17 0:17,/jimcramer/status/940737396060106752,jimcramer,0.296,12/13/17
243,Jim Cramer,9.40738E+17,30,2,2,such a bad thing!https://twitter.com/DAG_Investments/status/940734483812290560 …,12/13/17 0:20,/jimcramer/status/940738115983036417,jimcramer,-0.5848,12/13/17
244,Jim Cramer,9.4074E+17,9,4,0,Kamich: Raytheon's stock looks like it’s rolling over - Do this nowhttp://bit.ly/2nUuEA6 ,12/13/17 0:28,/jimcramer/status/940740190297092096,jimcramer,0.3612,12/13/17
245,Jim Cramer,9.40879E+17,220,55,53,Bitcoin is rising because it is endlessly pushed by people who own bitcoin#.https://twitter.com/bgsmitty/status/940860550166216704 …,12/13/17 9:42,/jimcramer/status/940879479563538432,jimcramer,0,12/13/17
246,Jim Cramer,9.40949E+17,12,1,6,News on Disney right now--pump up the volume,12/13/17 14:16,/jimcramer/status/940948524820295681,jimcramer,0,12/13/17
247,Jim Cramer,9.40949E+17,17,0,3,wow!!!https://twitter.com/CNBC/status/940948580134768642 …,12/13/17 14:16,/jimcramer/status/940948658677338112,jimcramer,0,12/13/17
248,Jim Cramer,9.40955E+17,11,0,2,Tune us in!! --Sir Martin Sorrell!!,12/13/17 14:43,/jimcramer/status/940955363456749569,jimcramer,0,12/13/17
249,Jim Cramer,9.40956E+17,69,7,5,We love you @cj_wentzhttps://twitter.com/Eagles/status/940955718559117312 …,12/13/17 14:45,/jimcramer/status/940955918551932929,jimcramer,0.6369,12/13/17
250,Jim Cramer,9.40958E+17,19,1,1,WOW!!!!!!https://twitter.com/julldomin/status/940958101108387840 …,12/13/17 14:55,/jimcramer/status/940958331493109761,jimcramer,0,12/13/17
251,Jim Cramer,9.40959E+17,57,21,6,"I gave you the truth, nothing but the truth so help me crypto-currencyhttps://twitter.com/joevans0/status/940958163137830912 …",12/13/17 14:56,/jimcramer/status/940958540918874112,jimcramer,0.8533,12/13/17
252,Jim Cramer,9.41046E+17,79,38,19,"Bitcoin thought: i know that when we hear people who have never bought something buying it, we usually think they are going to get killed. But they haven't!!!",12/13/17 20:44,/jimcramer/status/941046224056143872,jimcramer,-0.7488,12/13/17
253,Jim Cramer,9.41046E+17,174,77,36,"Lots of people who were not ""supposed"" to make money have made money in bitcoin and can sell some today and be thrilled",12/13/17 20:45,/jimcramer/status/941046398971273217,jimcramer,0.4404,12/13/17
254,Jim Cramer,9.41048E+17,119,32,3,I feel real bad for my colleague Nvidia...every dog doesn’t have his daypic.twitter.com/wCfgFqWwo1,12/13/17 20:50,/jimcramer/status/941047631408660480,jimcramer,-0.5423,12/13/17
255,Jim Cramer,9.41058E+17,11,4,3,we hear you ad we will do it!  http://www.actionalertsplus.com https://twitter.com/technotalk13352/status/941053759681105923 …,12/13/17 21:31,/jimcramer/status/941058048512192512,jimcramer,0,12/13/17
256,Jim Cramer,9.41075E+17,4,2,3,Kamich: Can the UBS rally continue?http://bit.ly/2ADiqlt ,12/13/17 22:39,/jimcramer/status/941075033396477952,jimcramer,0,12/13/17
257,Jim Cramer,9.41092E+17,11,2,3,Kamich - Credit Suisse stock rally could stall: charthttp://bit.ly/2CeACyQ ,12/13/17 23:48,/jimcramer/status/941092415527677952,jimcramer,0.2023,12/13/17